Metric,Value
Accuracy,0.5862068965517241
Precision,0.610344827586207
Recall,0.5862068965517241
F1 Score,0.5709939148073022
