Metric,Value
Accuracy,0.4827586206896552
Precision,0.4731800766283525
Recall,0.4827586206896552
F1 Score,0.46348254444206466
