Metric,Value
Accuracy,0.4827586206896552
Precision,0.48729582577132485
Recall,0.4827586206896552
F1 Score,0.4702194357366771
