Metric,Value
Accuracy,0.3448275862068966
Precision,0.29551724137931035
Recall,0.3448275862068966
F1 Score,0.25713398127191234
