Metric,Value
Accuracy,0.5172413793103449
Precision,0.5235109717868338
Recall,0.5172413793103449
F1 Score,0.5102785145888594
