Metric,Value
Accuracy,0.3793103448275862
Precision,0.5080459770114942
Recall,0.3793103448275862
F1 Score,0.3260649087221096
