Metric,Value
Accuracy,0.3793103448275862
Precision,0.3758272378962034
Recall,0.3793103448275862
F1 Score,0.37035809018567645
