Metric,Value
Accuracy,0.3103448275862069
Precision,0.3244916003536693
Recall,0.3103448275862069
F1 Score,0.2128178335074887
